{
  "websocket write" : {
    "transaction" : "websocket write",
    "sampleCount" : 51288,
    "errorCount" : 300,
    "errorPct" : 0.58493215,
    "meanResTime" : 0.04519575729215429,
    "medianResTime" : 0.0,
    "minResTime" : 0.0,
    "maxResTime" : 19.0,
    "pct1ResTime" : 0.0,
    "pct2ResTime" : 0.0,
    "pct3ResTime" : 1.0,
    "throughput" : 2.8871406108445932E-5,
    "receivedKBytesPerSec" : 0.0,
    "sentKBytesPerSec" : 6.552720701063519E-6
  },
  "websocket open" : {
    "transaction" : "websocket open",
    "sampleCount" : 51277,
    "errorCount" : 0,
    "errorPct" : 0.0,
    "meanResTime" : 507.4571835325781,
    "medianResTime" : 657.0,
    "minResTime" : 20.0,
    "maxResTime" : 1587.0,
    "pct1ResTime" : 768.0,
    "pct2ResTime" : 810.0,
    "pct3ResTime" : 838.0,
    "throughput" : 424.26072711025796,
    "receivedKBytesPerSec" : 469.83560990530526,
    "sentKBytesPerSec" : 81.20615479844783
  },
  "Total" : {
    "transaction" : "Total",
    "sampleCount" : 117208,
    "errorCount" : 1647,
    "errorPct" : 1.4051942,
    "meanResTime" : 279.3933946488345,
    "medianResTime" : 617.0,
    "minResTime" : 0.0,
    "maxResTime" : 1587.0,
    "pct1ResTime" : 742.0,
    "pct2ResTime" : 780.0,
    "pct3ResTime" : 835.0,
    "throughput" : 6.59795618073208E-5,
    "receivedKBytesPerSec" : 3.430978013003232E-5,
    "sentKBytesPerSec" : 1.3112283380866123E-5
  },
  "HTTP Request" : {
    "transaction" : "HTTP Request",
    "sampleCount" : 14643,
    "errorCount" : 1347,
    "errorPct" : 9.198935,
    "meanResTime" : 459.1914908147231,
    "medianResTime" : 579.0,
    "minResTime" : 0.0,
    "maxResTime" : 1250.0,
    "pct1ResTime" : 755.0,
    "pct2ResTime" : 798.0,
    "pct3ResTime" : 1046.0,
    "throughput" : 121.7399256740466,
    "receivedKBytesPerSec" : 34.61571886873239,
    "sentKBytesPerSec" : 15.279706673851232
  }
}