{
  "websocket write" : {
    "transaction" : "websocket write",
    "sampleCount" : 83731,
    "errorCount" : 150,
    "errorPct" : 0.17914511,
    "meanResTime" : 0.048572213397666306,
    "medianResTime" : 0.0,
    "minResTime" : 0.0,
    "maxResTime" : 18.0,
    "pct1ResTime" : 0.0,
    "pct2ResTime" : 0.0,
    "pct3ResTime" : 1.0,
    "throughput" : 4.71344230830699E-5,
    "receivedKBytesPerSec" : 0.0,
    "sentKBytesPerSec" : 1.0741415535077602E-5
  },
  "websocket open" : {
    "transaction" : "websocket open",
    "sampleCount" : 83731,
    "errorCount" : 0,
    "errorPct" : 0.0,
    "meanResTime" : 392.759372275502,
    "medianResTime" : 604.0,
    "minResTime" : 20.0,
    "maxResTime" : 1665.0,
    "pct1ResTime" : 663.0,
    "pct2ResTime" : 694.0,
    "pct3ResTime" : 865.0,
    "throughput" : 299.62355163998365,
    "receivedKBytesPerSec" : 331.80967535131003,
    "sentKBytesPerSec" : 57.34982043109063
  },
  "Total" : {
    "transaction" : "Total",
    "sampleCount" : 412248,
    "errorCount" : 48319,
    "errorPct" : 11.720858,
    "meanResTime" : 265.70937154334337,
    "medianResTime" : 558.0,
    "minResTime" : 0.0,
    "maxResTime" : 2275.0,
    "pct1ResTime" : 622.0,
    "pct2ResTime" : 640.0,
    "pct3ResTime" : 913.0,
    "throughput" : 2.320654434004497E-4,
    "receivedKBytesPerSec" : 1.1891624271763563E-4,
    "sentKBytesPerSec" : 3.5062909934187864E-5
  },
  "HTTP Request" : {
    "transaction" : "HTTP Request",
    "sampleCount" : 244786,
    "errorCount" : 48169,
    "errorPct" : 19.678005,
    "meanResTime" : 313.1222986608678,
    "medianResTime" : 556.0,
    "minResTime" : 0.0,
    "maxResTime" : 2275.0,
    "pct1ResTime" : 626.0,
    "pct2ResTime" : 809.0,
    "pct3ResTime" : 919.9900000000016,
    "throughput" : 877.5736282646494,
    "receivedKBytesPerSec" : 424.90484174180364,
    "sentKBytesPerSec" : 97.4377326090756
  }
}